"job_id","job_title_short","salary_year_avg","skills","type"
648429,"Business Analyst","387460.0","sql","programming"
648429,"Business Analyst","387460.0","python","programming"
648429,"Business Analyst","387460.0","r","programming"
648429,"Business Analyst","387460.0","go","programming"
648429,"Business Analyst","387460.0","spark","libraries"
648429,"Business Analyst","387460.0","airflow","libraries"
648429,"Business Analyst","387460.0","hadoop","libraries"
502610,"Business Analyst","220000.0","sql","programming"
502610,"Business Analyst","220000.0","python","programming"
502610,"Business Analyst","220000.0","excel","analyst_tools"
502610,"Business Analyst","220000.0","tableau","analyst_tools"
502610,"Business Analyst","220000.0","looker","analyst_tools"
502610,"Business Analyst","220000.0","chef","other"
112859,"Business Analyst","214500.0","python","programming"
1069582,"Business Analyst","200000.0","",""
393753,"Business Analyst","200000.0","sql","programming"
393753,"Business Analyst","200000.0","python","programming"
393753,"Business Analyst","200000.0","gdpr","libraries"
393753,"Business Analyst","200000.0","excel","analyst_tools"
393753,"Business Analyst","200000.0","tableau","analyst_tools"
393753,"Business Analyst","200000.0","power bi","analyst_tools"
998056,"Business Analyst","200000.0","",""
898755,"Business Analyst","190500.0","go","programming"
898755,"Business Analyst","190500.0","c","programming"
898755,"Business Analyst","190500.0","mysql","databases"
898755,"Business Analyst","190500.0","bigquery","cloud"
898755,"Business Analyst","190500.0","snowflake","cloud"
898755,"Business Analyst","190500.0","looker","analyst_tools"
17458,"Business Analyst","190000.0","sql","programming"
17458,"Business Analyst","190000.0","python","programming"
17458,"Business Analyst","190000.0","r","programming"
20066,"Business Analyst","185000.0","sql","programming"
20066,"Business Analyst","185000.0","python","programming"
20066,"Business Analyst","185000.0","aws","cloud"
516397,"Business Analyst","175000.0","sql","programming"
516397,"Business Analyst","175000.0","nosql","programming"
516397,"Business Analyst","175000.0","snowflake","cloud"
516397,"Business Analyst","175000.0","hadoop","libraries"
516397,"Business Analyst","175000.0","phoenix","webframeworks"
516397,"Business Analyst","175000.0","tableau","analyst_tools"
