"job_id","job_title_short","skills","type","salary_year_avg"
795187,"Business Analyst","spark","libraries","29900.0"
1766421,"Business Analyst","shell","programming","30000.0"
1766421,"Business Analyst","postgresql","databases","30000.0"
1766421,"Business Analyst","linux","os","30000.0"
1766421,"Business Analyst","centos","os","30000.0"
1766421,"Business Analyst","terraform","other","30000.0"
1006646,"Business Analyst","excel","analyst_tools","35000.0"
1006646,"Business Analyst","word","analyst_tools","35000.0"
1006646,"Business Analyst","powerpoint","analyst_tools","35000.0"
1006646,"Business Analyst","outlook","analyst_tools","35000.0"
